0.0,0.016,0.002,4.2,8.2,pecan shortbread cookies,0.3,76.0,0.0,0.3,4.6,0.7,pecan shortbread cookies
0.1,0.051,0.1,9.3,17.2,oatmeal cookies,0.6,113.0,6.2,0.7,4.5,1.6,oatmeal cookies
0.0,0.038,0.8,34.7,81.1,chocolate wafers,4.5,485.0,33.2,3.8,15.9,7.4,chocolate wafers
0.0,0.045,0.3,38.4,58.9,vanilla wafers low fat,1.9,353.0,30.0,1.5,12.2,4.0,vanilla wafers low fat
0.0,0.046,0.058,9.6,18.7,chocolate chip cookies mcdonalds,1.1,136.0,9.6,0.6,6.4,1.6,chocolate chip cookies mcdonalds
0.0,0.0,0.012,5.4,5.4,gingersnap cookies,0.4,29.0,1.4,0.2,0.7,0.4,gingersnap cookies
0.0,0.0,0.0,0.0,0.8,biscotti abbracci mulino bianco,0.0,54.0,0.051,0.0,2.6,0.4,biscotti abbracci mulino bianco
0.052,0.093,0.047,0.036,9.3,chocolate chip cookie,0.049,63.0,5.3,0.3,2.8,0.5,chocolate chip cookie
0.0,0.046,0.2,17.4,38.3,brownie,1.4,243.0,22.0,1.3,9.8,2.9,brownie
0.0,0.05,0.097,2.8,5.2,shortbread cookies,0.2,40.0,1.2,0.1,1.9,0.5,shortbread cookies
0.078,0.069,0.022,15.0,10.3,oatmeal cookies with raisins,0.4,65.0,0.0,0.0,2.4,1.0,oatmeal cookies with raisins
0.093,0.038,0.098,7.4,9.2,peanut butter sandwich cookies,0.4,67.0,5.0,0.3,3.0,1.2,peanut butter sandwich cookies
0.091,0.028,0.007,3.2,10.2,sugar cookies,0.3,72.0,5.7,0.1,3.2,0.8,sugar cookies
0.0,0.019,0.067,8.1,9.3,chocolate covered graham crackers,0.5,68.0,5.8,0.4,3.2,0.8,chocolate covered graham crackers
0.1,0.074,0.077,6.9,10.2,raisin cookies,0.3,60.0,7.1,0.2,2.0,0.6,raisin cookies
0.0,0.067,0.045,1.5,4.3,vanilla wafers,0.1,28.0,0.0,0.1,1.2,0.3,vanilla wafers
0.0,0.013,0.4,20.2,64.5,graham crackers,3.1,355.0,26.1,2.4,8.5,5.8,graham crackers
0.032,0.092,0.1,7.8,11.8,peanut butter cookies,0.4,95.0,0.0,0.0,4.8,1.8,peanut butter cookies
0.0,0.036,0.044,4.1,10.8,vanilla sandwich cookie,0.3,72.0,5.9,0.2,3.0,0.7,vanilla sandwich cookie
0.0,0.069,0.06,2.7,7.1,sugar wafers with creme filling,0.4,51.0,4.3,0.2,2.3,0.4,sugar wafers with creme filling
0.0,0.039,0.3,20.0,18.6,cheese puffs,0.7,197.0,1.1,0.6,12.8,2.1,cheese puffs
0.062,0.075,0.067,0.059,2.2,saltine crackers,0.025,13.0,0.063,0.022,0.3,0.3,saltine crackers
0.4,0.002,0.014,23.4,13.5,trail mix,0.9,139.0,0.0,0.0,8.8,4.1,trail mix
0.0,0.079,0.3,0.8,17.8,corn cones,0.7,144.0,0.0,0.3,7.6,1.6,corn cones
0.076,0.094,0.037,8.1,7.8,chocolate pretzels,0.2,50.0,0.0,0.0,1.8,0.8,chocolate pretzels
0.0,0.041,0.001,11.4,8.9,french toast sticks,0.4,73.0,2.1,0.3,3.8,1.3,french toast sticks
0.087,0.081,0.1,0.036,9.8,crackers,0.011,82.0,1.3,0.4,4.2,1.1,crackers
0.0,0.006,0.09,17.0,4.7,sesame sticks,0.055,54.0,0.084,0.3,3.7,1.1,sesame sticks
0.009,0.039,0.065,0.026,4.2,cheese crackers,0.032,34.0,0.3,0.2,1.6,0.8,cheese crackers
0.037,0.038,0.1,15.3,14.6,oriental rice cracker mix,0.7,143.0,0.8,3.7,7.2,4.9,oriental rice cracker mix
0.0,0.022,0.2,5.5,17.1,breadsticks,1.1,103.0,0.3,0.8,2.4,3.0,breadsticks
0.017,0.056,0.095,18.9,7.7,milk crackers,0.4,50.0,1.8,0.2,1.7,0.8,milk crackers
0.0,0.088,0.002,6.4,22.1,matzo crackers whole wheat,1.3,98.0,0.0,3.3,0.4,3.7,matzo crackers whole wheat
0.07,0.041,0.057,11.2,22.0,matzo crackers with egg,0.8,109.0,0.0,0.8,0.6,3.4,matzo crackers with egg
0.086,0.013,0.067,0.015,3.3,granola bites,0.074,23.0,1.5,0.3,0.9,0.4,granola bites
0.0,0.068,0.2,10.1,19.5,crackers whole wheat,0.9,120.0,0.3,2.9,4.0,3.0,crackers whole wheat
10.6,0.099,0.1,79.8,91.8,tropical trail mix,3.7,619.0,0.0,0.0,23.9,8.8,tropical trail mix
0.0,0.079,0.9,26.5,79.8,soft pretzels,4.5,389.0,0.3,2.0,3.6,9.4,soft pretzels
0.0,0.0,0.084,9.3,7.9,corn tostada shell,0.2,58.0,0.0,0.7,2.9,0.8,corn tostada shell
0.0,0.077,0.0,3.6,23.4,matzo crackers,0.9,111.0,0.098,0.8,0.4,2.8,matzo crackers
0.0,0.051,0.027,11.5,0.9,sesame crunch,0.019,9.0,0.6,0.1,0.6,0.2,sesame crunch
1.9,0.01,0.2,159.1,65.6,trail mix with chocolate chips,4.9,707.0,0.0,0.0,46.6,20.7,trail mix with chocolate chips
0.0,0.2,0.078,26.5,93.0,cracker meal,5.3,440.0,0.4,3.0,2.0,10.7,cracker meal
0.0,0.093,0.053,2.3,34.1,puffed rice,12.0,153.0,0.0,0.6,0.2,2.4,puffed rice
0.0,0.0,0.0,0.0,0.5,filinchen gutena,0.0,19.0,0.028,0.0,0.2,0.4,filinchen gutena
0.0,0.055,0.2,27.9,23.0,melba toast crackers,1.1,117.0,0.3,1.9,1.0,3.6,melba toast crackers
0.026,0.069,0.052,10.1,21.6,matzo crackers with egg onion,1.2,109.0,0.0,1.4,1.1,2.8,matzo crackers with egg onion
0.0,0.0,0.2,2.5,20.3,cornnuts,0.5,126.0,0.2,2.0,4.4,2.4,cornnuts
0.0,0.2,0.4,42.0,116.1,bagel chips,8.8,789.0,10.5,7.2,26.5,21.6,bagel chips
0.084,0.1,0.4,0.01,24.1,pretzels,0.08,115.0,0.7,1.0,0.9,3.0,pretzels
42.0,0.002,0.072,25.6,37.2,potato raw,1.7,164.0,1.7,4.7,0.2,4.3,potato raw
0.0,0.0,0.0,0.0,4.0,gatto di patate home made,0.0,202.0,3.6,0.0,9.4,0.0,gatto di patate home made
0.5,0.1,0.097,0.057,36.6,baked potato,0.2,161.0,2.0,3.8,0.2,4.3,baked potato
17.0,0.043,0.2,6.5,19.2,potato sticks,0.8,188.0,0.006,1.2,12.4,2.4,potato sticks
7.8,0.082,0.035,3.0,12.1,potato cooked,0.2,52.0,0.5,1.2,0.006,1.1,potato cooked
0.0,0.0,0.0,0.0,0.0,vivaldi potatoes sainsburys,0.0,23.0,0.0,0.0,0.1,0.0,vivaldi potatoes sainsburys
0.0,0.0,0.9,0.0,13.4,potato ham chowder soup,1.7,192.0,0.0,1.4,12.5,6.5,potato ham chowder soup
21.0,0.056,0.068,48.0,66.7,russet potato raw,3.2,292.0,2.3,4.8,0.3,7.9,russet potato raw
24.8,0.061,0.084,53.8,64.1,russet potato baked,3.2,290.0,3.2,6.9,0.4,7.9,russet potato baked
1.5,0.019,0.056,0.8,2.2,french fries,0.076,13.0,0.088,0.2,0.4,0.2,french fries
26.0,0.018,0.8,139.7,26.4,potato scalloped,1.4,216.0,0.0,4.7,9.0,7.0,potato scalloped
0.8,0.063,0.058,0.9,1.9,cottage fries,0.025,11.0,0.019,0.2,0.4,0.2,cottage fries
0.0,0.013,0.7,43.6,35.5,mashed potatoes,0.8,215.0,1.2,3.1,6.8,4.0,mashed potatoes
12.6,0.023,0.7,50.4,35.3,mashed potato with milk and butter,0.5,237.0,3.0,3.2,8.9,3.9,mashed potato with milk and butter
18.3,0.026,0.02,21.3,33.9,red potato raw,1.6,149.0,2.7,3.6,0.3,4.0,red potato raw
6.1,0.096,0.2,7.0,6.1,potato pancake,0.4,59.0,0.4,0.7,3.2,1.3,potato pancake
8.1,0.019,0.6,17.9,35.5,potato puffs,0.8,243.0,0.3,3.2,11.0,2.6,potato puffs
0.2,0.097,0.037,0.075,16.7,red potato baked,0.1,74.0,1.2,1.5,0.1,2.0,red potato baked
22.8,0.011,0.7,117.0,29.7,potatoes canned,2.2,132.0,0.0,4.2,0.3,3.6,potatoes canned
4.3,0.031,0.053,11.4,4.7,potato skin raw,1.2,22.0,0.0,1.0,0.099,1.0,potato skin raw
0.3,0.004,0.055,0.3,0.7,shoestring french fries,0.052,4.0,0.062,0.099,0.1,0.099,shoestring french fries
0.068,0.023,0.3,0.069,15.3,hash brown potato,0.004,144.0,0.3,1.4,9.0,1.4,hash brown potato
0.0,0.0,0.0,0.0,0.0,baked chips lays,0.0,130.0,0.0,0.0,2.0,0.0,baked chips lays
0.073,0.062,0.2,0.068,17.2,corn chips,0.021,162.0,0.031,1.2,10.0,1.9,corn chips
1.6,0.036,0.2,36.2,18.5,nacho cheese tortilla chips low fat,1.4,90.0,0.8,1.8,1.0,2.4,nacho cheese tortilla chips low fat
3.4,0.014,1.5,259.4,111.3,corn chips barbecue,3.0,1036.0,0.0,10.3,64.7,13.9,corn chips barbecue
1.8,0.028,0.024,109.1,50.5,corn chips unsalted,1.5,490.0,1.2,3.9,29.4,5.8,corn chips unsalted
21.1,0.1,1.5,79.5,190.1,potato chips fat free,8.1,860.0,8.4,17.0,1.4,21.9,potato chips fat free
0.0,0.0,0.0,0.0,2.1,sweet chilli kettle baked chips,0.0,99.0,0.4,0.0,2.2,2.0,sweet chilli kettle baked chips
0.1,0.067,0.022,1.4,1.6,taro chips,0.008,11.0,0.04,0.2,0.6,0.049,taro chips
43.7,0.028,0.8,35.7,113.7,potato chips reduced fat,2.3,801.0,0.4,10.0,35.4,12.1,potato chips reduced fat
0.5,0.01,0.3,8.7,19.5,onion snacks,1.1,150.0,1.4,1.2,6.8,2.3,onion snacks
92.0,0.0,0.8,122.4,98.1,potato chips cheese,3.1,843.0,0.0,8.8,46.2,14.5,potato chips cheese
0.0,0.0,0.041,0.9,1.2,yuca cassava chips,0.099,9.0,0.006,0.002,0.4,0.054,yuca cassava chips
0.095,0.052,0.1,45.0,22.6,tortilla chips low fat,0.5,117.0,0.2,1.5,1.6,3.1,tortilla chips low fat
0.0,0.0,1.0,265.3,124.2,ranch flavor tortilla chips,2.7,992.0,6.0,7.9,48.8,14.2,ranch flavor tortilla chips
9.3,0.045,0.021,7.2,15.9,potato chips,0.5,161.0,0.007,1.4,10.4,2.1,potato chips
0.092,0.006,0.077,0.014,20.3,tortilla chips,0.2,142.0,0.2,1.6,6.2,2.1,tortilla chips
0.0,0.088,0.05,16.5,15.9,sweet potato chips,0.6,149.0,2.5,2.5,9.1,0.8,sweet potato chips
0.038,0.023,0.2,0.002,18.2,nacho cheese tortilla chips,0.071,156.0,0.8,1.5,8.2,2.2,nacho cheese tortilla chips
1.4,0.002,0.3,14.7,17.1,vegetable chips,0.4,134.0,1.1,1.3,6.6,1.5,vegetable chips
2.0,0.022,1.8,351.9,143.2,taco flavor tortilla chips,4.6,1090.0,0.0,12.0,54.9,17.9,taco flavor tortilla chips
67.1,0.2,1.3,99.0,104.5,potato chips barbecue,3.8,970.0,14.0,8.7,64.2,15.2,potato chips barbecue
0.039,0.2,0.3,0.051,20.5,pita chips,0.065,137.0,1.4,1.1,4.6,3.5,pita chips
73.9,0.1,1.1,142.6,102.0,potato chips sour cream and onion,3.2,1051.0,0.0,10.3,67.1,16.0,potato chips sour cream and onion
16.7,0.094,49.4,354.2,53.6,adobo fresco,9.2,780.0,5.8,3.7,60.2,5.8,adobo fresco
4.5,0.093,0.003,1.4,0.6,chili pepper sauce red,0.051,3.0,0.4,0.1,0.089,0.1,chili pepper sauce red
0.0,0.0,0.2,8.2,1.0,creamy ranch sauce mcdonalds,0.039,132.0,1.0,0.0,14.7,0.3,creamy ranch sauce mcdonalds
0.7,0.038,0.2,2.7,4.5,catsup,0.073,19.0,3.7,0.053,0.066,0.2,catsup
10.2,0.07,0.03,0.8,0.8,chili pepper sauce green,0.023,3.0,0.4,0.3,0.032,0.1,chili pepper sauce green
0.053,0.0,0.092,0.9,0.011,red wine vinegar,0.049,3.0,0.0,0.0,0.0,0.055,red wine vinegar
0.012,0.043,1.4,7.7,0.7,fish sauce,0.1,6.0,0.7,0.0,0.013,0.9,fish sauce
0.0,0.0,0.3,6.1,6.8,coleslaw dressing reduced fat,0.08,56.0,6.6,0.045,3.4,0.0,coleslaw dressing reduced fat
0.1,0.046,0.094,13.6,0.6,sour dressing,0.091,21.0,0.6,0.0,2.0,0.4,sour dressing
348.4,0.062,0.017,16.7,22.6,guava sauce cooked,0.4,86.0,14.0,8.6,0.3,0.8,guava sauce cooked
0.3,0.2,0.9,0.0,21.8,pizza sauce,0.3,136.0,9.5,5.0,2.9,5.5,pizza sauce
0.3,0.0,0.2,1.7,11.0,sweetn sour sauce mcdonalds,0.2,48.0,10.0,0.0,0.3,0.2,sweetn sour sauce mcdonalds
0.4,0.0,0.035,1.6,0.8,nance syrup,0.013,4.0,0.6,0.3,0.002,0.028,nance syrup
0.0,0.066,0.072,1.8,4.7,french dressing reduced fat,0.1,37.0,4.6,0.2,2.2,0.072,french dressing reduced fat
0.09,0.012,0.1,2.9,0.5,peppercorn dressing,0.055,76.0,0.3,0.0,8.2,0.2,peppercorn dressing
0.0,0.0,0.096,31.5,15.7,sorghum syrup,0.8,61.0,15.7,0.0,0.0,0.0,sorghum syrup
0.0,0.04,0.1,7.0,3.7,ranch dressing fat free,0.1,17.0,0.7,0.088,0.3,0.039,ranch dressing fat free
0.0,0.065,0.2,3.6,2.8,caesar dressing low calorie,0.016,17.0,2.4,0.053,0.7,0.028,caesar dressing low calorie
1.3,0.057,0.065,0.6,0.6,sweet sour dressing,0.078,2.0,0.6,0.0,0.0,0.082,sweet sour dressing
0.0,0.0,0.1,1.0,2.5,mayonnaise imitation fat free,0.008,13.0,1.6,0.3,0.4,0.043,mayonnaise imitation fat free
42.0,0.036,2.4,41.2,11.2,sofrito,1.9,488.0,0.0,3.5,37.5,26.4,sofrito
0.092,0.042,0.3,7.7,3.9,turkey gravy instant,0.6,27.0,0.5,0.3,1.0,0.8,turkey gravy instant
0.0,0.036,0.7,4.5,2.8,teriyaki sauce,0.3,16.0,2.5,0.016,0.015,1.1,teriyaki sauce
0.2,0.032,0.083,0.083,13.0,tomato sauce,0.3,59.0,8.7,3.7,0.7,2.9,tomato sauce
0.031,0.0,0.2,7.5,6.5,barbecue sauce kraft,0.1,28.0,5.2,0.032,0.053,0.1,barbecue sauce kraft
5.5,0.033,0.076,11.1,107.8,cranberry sauce sweetened,0.6,418.0,105.0,2.8,0.4,0.6,cranberry sauce sweetened
0.0,0.055,0.1,2.2,3.8,coleslaw dressing,0.01,62.0,3.2,0.024,5.3,0.1,coleslaw dressing
1.7,0.061,1.0,67.2,16.2,onion gravy dry,0.2,77.0,0.0,1.4,0.7,2.2,onion gravy dry
0.0,0.0,0.065,2.9,16.9,corn syrup light,0.0,62.0,16.9,0.0,0.09,0.0,corn syrup light
1.3,0.0,0.1,0.6,0.3,bacon tomato dressing,0.057,49.0,0.3,0.04,5.3,0.3,bacon tomato dressing
0.0,0.0,0.064,1.0,13.9,pancake syrup,0.038,53.0,8.4,0.0,0.075,0.0,pancake syrup
0.0,0.0,0.071,4.3,2.7,balsamic vinegar,0.1,14.0,2.4,0.0,0.0,0.041,balsamic vinegar
0.051,0.081,0.2,6.0,3.2,ranch dressing reduced fat,0.1,29.0,0.6,0.2,1.9,0.2,ranch dressing reduced fat
0.0,0.076,0.3,3.1,10.3,barbecue sauce mcdonalds,0.1,46.0,9.6,0.4,0.3,0.4,barbecue sauce mcdonalds
0.0,0.0,0.076,0.0,0.4,vinegar oil dressing,0.0,72.0,0.4,0.0,8.0,0.0,vinegar oil dressing
0.04,0.014,0.1,9.7,4.0,poppyseed dressing,0.048,66.0,3.9,0.03,5.5,0.2,poppyseed dressing
0.006,0.056,0.019,1.8,3.5,honey mustard dressing,0.07,70.0,2.4,0.057,6.1,0.1,honey mustard dressing
0.0,0.027,0.1,0.8,5.1,french dressing fat free,0.081,21.0,2.6,0.4,0.024,0.01,french dressing fat free
0.0,0.0,0.024,0.9,0.089,vinegar,0.002,3.0,0.063,0.0,0.0,0.0,vinegar
0.055,0.0,0.012,0.5,1.3,spray dressing,0.096,13.0,1.1,0.075,0.9,0.07,spray dressing
0.3,0.049,0.2,3.6,5.8,honey mustard dressing fat free,0.053,25.0,2.7,0.2,0.2,0.2,honey mustard dressing fat free
0.0,0.056,1.4,16.7,13.0,mushroom gravy,1.6,119.0,0.0,1.0,6.4,3.0,mushroom gravy
2.0,0.018,0.9,295.0,22.9,white sauce,0.8,368.0,11.0,0.5,26.6,9.6,white sauce
5.3,0.062,1.1,71.3,19.9,marinara pasta sauce,2.1,129.0,14.5,4.8,3.9,3.7,marinara pasta sauce
30.4,0.016,1.1,31.9,20.7,tomato sauce with mushrooms,2.2,86.0,14.1,3.7,0.3,3.6,tomato sauce with mushrooms
0.095,0.04,0.4,9.3,4.3,pork gravy powder,0.3,25.0,1.7,0.2,0.6,0.6,pork gravy powder
0.0,0.067,1.5,14.0,11.2,beef gravy,1.6,123.0,0.5,0.9,5.5,8.7,beef gravy
0.037,0.048,0.1,5.1,1.1,green goddess dressing,0.067,64.0,1.0,0.094,6.5,0.3,green goddess dressing
1.0,0.095,2.0,245.0,27.9,salsa con queso,0.4,358.0,4.9,1.8,23.8,7.9,salsa con queso
1.7,0.066,0.2,3.9,4.2,cocktail sauce,0.1,19.0,1.8,0.3,0.2,0.2,cocktail sauce
2.2,0.009,0.2,18.2,3.3,worcestershire sauce,0.9,13.0,1.7,0.0,0.0,0.0,worcestershire sauce
0.1,0.037,0.2,5.6,6.9,barbecue sauce,0.1,29.0,5.7,0.2,0.1,0.1,barbecue sauce
31.1,0.003,1.3,41.7,24.4,tomato sauce with onions,2.3,103.0,0.0,4.4,0.5,3.8,tomato sauce with onions
0.048,0.029,0.3,7.9,3.6,brown gravy dry,0.1,22.0,0.0,0.1,0.6,0.6,brown gravy dry
0.0,0.055,0.2,10.9,2.1,blue cheese dressing light,0.042,14.0,0.6,0.0,0.4,0.3,blue cheese dressing light
21.0,0.053,1.2,41.5,17.7,spanish tomato sauce,8.5,81.0,0.0,3.4,0.7,3.5,spanish tomato sauce
0.036,0.005,0.5,5.8,2.0,oyster sauce,0.069,9.0,0.0,0.024,0.066,0.2,oyster sauce
0.067,0.08,0.002,46.7,0.8,cheese sauce,0.047,30.0,0.033,0.071,2.2,1.5,cheese sauce
0.097,0.069,0.3,5.1,7.1,hoisin sauce,0.2,35.0,4.4,0.4,0.5,0.5,hoisin sauce
0.2,0.042,0.1,0.5,5.3,pickle relish,0.1,20.0,4.4,0.2,0.061,0.097,pickle relish
24.4,0.035,1.3,90.3,25.0,tomato sauce with herbs cheese,2.1,144.0,0.0,5.4,4.7,5.2,tomato sauce with herbs cheese
0.6,0.0,0.1,3.8,2.5,french dressing,0.1,73.0,2.6,0.0,7.2,0.1,french dressing
0.0,0.0,0.0,0.0,0.087,mayonnaise hellmanns,0.0,15.0,0.2,0.0,1.7,0.0,mayonnaise hellmanns
0.0,0.0,0.086,30.8,19.1,canadian maple syrup,0.088,76.0,17.0,0.0,0.0,0.0,canadian maple syrup
0.0,0.0,0.059,20.4,13.4,maple syrup,0.014,52.0,13.6,0.0,0.047,0.09,maple syrup
0.094,0.0,0.2,6.9,6.4,barbecue sauce bulls eye,0.1,27.0,5.6,0.2,0.1,0.1,barbecue sauce bulls eye
0.093,0.061,0.1,0.024,0.9,ranch dressing,0.085,65.0,0.7,0.0,6.7,0.2,ranch dressing
0.0,0.0,0.0,0.0,0.2,tomato ketchup mp,0.0,15.0,0.0,0.0,0.0,0.0,tomato ketchup mp
0.09,0.082,0.1,0.05,1.4,mayonnaise light,0.039,36.0,0.5,0.0,3.3,0.032,mayonnaise light
0.0,0.0,0.081,1.1,0.066,mayonnaise dressing,0.0,103.0,0.093,0.0,11.7,0.0,mayonnaise dressing
0.0,0.091,0.05,12.8,15.0,malt syrup,0.2,67.0,15.0,0.0,0.0,1.3,malt syrup
1.8,0.077,1.4,37.5,14.5,gravy dry,0.3,86.0,0.0,0.0,2.0,3.3,gravy dry
49.5,0.0,0.063,30.3,127.1,cranberry orange relish,0.6,490.0,0.0,0.0,0.3,0.8,cranberry orange relish
0.057,0.098,0.2,7.1,0.5,caesar dressing,0.2,80.0,0.4,0.036,8.5,0.3,caesar dressing
0.011,0.042,0.1,0.059,1.8,italian dressing,0.063,35.0,1.6,0.0,3.1,0.032,italian dressing
0.1,0.033,0.3,7.8,4.0,brown gravy instant,0.5,25.0,0.6,0.2,0.8,0.6,brown gravy instant
0.069,0.025,0.1,13.4,0.4,roquefort cheese dressing,0.069,15.0,0.4,0.0,1.1,0.8,roquefort cheese dressing
0.1,0.072,0.2,5.6,0.7,blue cheese dressing,0.058,71.0,0.5,0.045,7.7,0.2,blue cheese dressing
0.3,0.085,0.1,3.6,19.7,duck sauce,0.1,80.0,9.9,0.2,0.063,0.1,duck sauce
2.4,0.045,1.1,9.4,5.9,au jus,1.4,38.0,0.0,0.0,0.5,2.8,au jus
0.0,0.0,0.047,3.6,15.5,corn syrup dark,0.044,57.0,15.5,0.0,0.0,0.0,corn syrup dark
0.061,0.052,0.2,6.0,3.2,buttermilk dressing light,0.1,30.0,0.6,0.2,1.9,0.2,buttermilk dressing light
0.0,0.0,0.011,1.0,0.1,cider vinegar,0.052,3.0,0.018,0.0,0.0,0.0,cider vinegar
0.3,0.008,0.1,3.9,2.0,tartar sauce,0.047,32.0,0.6,0.078,2.5,0.2,tartar sauce
3.5,0.045,0.1,0.4,0.031,pepper hot sauce,0.035,1.0,0.065,0.071,0.018,0.024,pepper hot sauce
1.0,0.033,0.083,1.2,1.2,tomato chili sauce,0.087,6.0,0.6,0.4,0.095,0.2,tomato chili sauce
0.015,0.087,0.3,10.2,4.6,turkey gravy dry,0.2,26.0,0.0,0.0,0.5,0.7,turkey gravy dry
0.3,0.055,0.1,5.4,1.2,salsa sauce,0.007,5.0,0.7,0.3,0.039,0.3,salsa sauce
1.2,0.044,0.3,3.2,3.7,steak sauce,0.2,16.0,1.7,0.3,0.004,0.2,steak sauce
0.0,0.0,0.007,41.0,14.9,molasses,0.9,58.0,14.9,0.0,0.068,0.0,molasses
0.026,0.031,0.2,4.2,1.2,italian dressing fat free,0.036,7.0,1.2,0.077,0.1,0.1,italian dressing fat free
0.021,0.032,0.1,2.3,8.1,plum sauce,0.3,35.0,0.0,0.1,0.2,0.2,plum sauce
0.0,0.0,0.0,0.0,0.0,chow mein stir fry master foods,0.0,26.0,0.0,0.0,0.2,0.0,chow mein stir fry master foods
0.01,0.065,0.3,9.4,4.1,beef gravy instant,0.4,25.0,1.6,0.3,0.6,0.7,beef gravy instant
0.081,0.056,0.039,0.027,0.6,horseradish,0.052,2.0,0.4,0.2,0.085,0.003,horseradish
0.0,0.0,0.038,1.2,13.4,grenadine,0.011,54.0,9.3,0.0,0.0,0.0,grenadine
0.2,0.059,0.075,0.6,0.006,tabasco sauce,0.019,1.0,0.067,0.013,0.002,0.045,tabasco sauce
1.5,0.079,0.024,1.8,6.7,sweet sour sauce,0.021,26.0,3.3,0.065,0.084,0.02,sweet sour sauce
1.8,0.084,0.034,1.4,1.0,salsa verde,0.079,6.0,0.5,0.3,0.1,0.2,salsa verde
0.04,0.082,0.7,0.094,5.1,miso,0.046,40.0,1.2,1.1,1.2,2.6,miso
7.8,0.023,0.2,55.5,6.1,sprouted soybean cooked,1.2,76.0,0.4,0.8,4.2,8.0,sprouted soybean cooked
0.0,0.2,0.083,159.8,28.6,soy flour roasted,4.9,375.0,6.5,8.2,18.6,29.6,soy flour roasted
0.0,0.3,0.085,250.8,30.7,soy flour low fat,7.2,330.0,9.3,14.1,7.8,40.0,soy flour low fat
0.007,0.2,0.2,0.0,9.9,green soybean cooked,0.1,127.0,0.0,3.8,5.8,11.1,green soybean cooked
0.0,0.0,0.03,711.0,9.1,azumaya tofu vitasoy,5.1,316.0,1.6,2.4,16.6,32.8,azumaya tofu vitasoy
0.0,0.01,0.3,50.4,2.1,soy proteins isolate,4.1,96.0,0.0,1.6,1.0,22.8,soy proteins isolate
0.048,0.2,0.03,0.013,41.8,tofu yogurt,0.2,246.0,3.2,0.5,4.7,9.2,tofu yogurt
0.0,0.047,2.1,33.1,9.1,bacon meatless,3.5,446.0,0.0,3.7,42.5,15.4,bacon meatless
0.0,0.017,0.5,54.6,11.1,meatless chicken fried,5.0,304.0,0.0,5.6,16.6,27.7,meatless chicken fried
0.6,0.2,0.1,0.0,8.4,soymilk,0.3,109.0,6.1,1.0,4.8,7.1,soymilk
0.0,0.0,0.032,77.0,115.2,soy vermicelli,2.5,463.0,24.4,5.5,0.1,0.1,soy vermicelli
0.094,0.01,0.021,0.099,1.2,tofu fried,0.051,35.0,0.4,0.5,2.6,2.4,tofu fried
0.0,0.086,0.068,184.3,15.6,tempeh,4.5,320.0,0.0,0.0,17.9,30.8,tempeh
0.029,0.021,0.081,0.0,1.7,koyadofu,0.2,81.0,0.0,1.2,5.2,8.9,koyadofu
0.0,0.066,0.3,16.2,4.5,meatless meatloaf,1.2,110.0,0.7,2.6,5.0,11.8,meatless meatloaf
0.0,0.0,0.0,0.0,1.0,soya vanille joghurt alpro,0.0,21.0,0.09,0.0,0.6,0.3,soya vanille joghurt alpro
0.0,0.006,0.094,423.0,15.5,soybean curd cheese,12.6,340.0,3.6,0.0,18.2,28.1,soybean curd cheese
0.01,0.012,0.9,0.0,0.8,soy sauce,0.031,8.0,0.097,0.1,0.054,1.3,soy sauce
4.3,0.2,0.077,130.2,30.4,soybean dry roasted,3.7,419.0,0.0,7.5,20.1,36.8,soybean dry roasted
0.0,0.0,0.0,0.0,0.0,soybean oil,0.048,120.0,0.0,0.0,13.6,0.0,soybean oil
0.0,0.1,1.2,58.8,6.1,meatless chicken,5.5,376.0,0.0,6.0,21.4,39.7,meatless chicken
0.4,0.3,0.075,0.099,17.1,soybean cooked,0.7,296.0,5.2,10.3,15.4,28.6,soybean cooked
0.0,0.092,0.1,281.9,10.1,soymilk nonfat,0.9,68.0,8.9,0.5,0.046,6.0,soymilk nonfat
0.009,0.062,0.023,0.061,1.8,soy flour,0.2,23.0,0.4,0.5,1.1,1.8,soy flour
0.0,0.0,0.0,0.0,0.0,soybean lecithin oil,0.0,104.0,0.0,0.0,13.6,0.0,soybean lecithin oil
0.2,0.096,0.06,868.0,4.7,tofu raw,13.3,188.0,0.0,0.7,11.9,20.0,tofu raw
0.0,0.098,0.2,48.4,15.0,soy chips,1.5,109.0,0.5,1.0,2.1,7.5,soy chips
74.2,0.4,0.017,504.3,28.3,green soybean raw,9.1,376.0,0.0,10.8,17.4,33.2,green soybean raw
0.0,0.087,0.3,102.7,7.2,soy proteins concentrate,3.1,93.0,0.0,1.6,0.1,18.0,soy proteins concentrate
0.077,0.013,0.005,1.4,0.043,soybean margarine,0.0,34.0,0.0,0.0,3.8,0.052,soybean margarine
0.0,0.03,0.1,281.9,20.7,chocolate soymilk nonfat,0.9,107.0,8.9,0.5,0.046,6.0,chocolate soymilk nonfat
0.1,0.035,0.07,0.0,15.3,okara,0.2,93.0,0.0,0.0,2.1,3.9,okara
0.0,0.1,0.8,36.0,11.5,meatless meatballs,3.1,284.0,1.8,6.6,13.0,30.2,meatless meatballs
0.0,0.032,0.1,60.8,15.3,vanilla soymilk,1.6,131.0,9.7,1.5,4.3,7.9,vanilla soymilk
0.0,0.4,0.017,297.7,49.0,soy meal raw,16.7,414.0,0.0,0.0,2.9,54.8,soy meal raw
0.0,0.0,0.04,199.3,17.5,soymilk low fat,1.1,104.0,8.5,1.9,1.5,4.0,soymilk low fat
0.1,0.2,0.005,0.0,6.7,sprouted soybean raw,0.3,85.0,0.0,0.8,4.7,9.2,sprouted soybean raw
11.2,0.7,0.023,515.2,56.1,soybean raw,29.2,830.0,13.6,17.3,37.1,67.9,soybean raw
0.0,0.022,0.084,27.2,2.6,tempeh cooked,0.6,55.0,0.0,0.0,3.2,5.1,tempeh cooked
0.0,0.062,0.2,298.9,9.4,vanilla soymilk light,1.1,83.0,1.0,1.5,2.1,6.4,vanilla soymilk light
0.2,0.098,0.1,0.074,24.2,chocolate soymilk,0.5,153.0,19.1,1.0,3.7,5.5,chocolate soymilk
0.0,0.0,0.0,0.0,0.0,soy oil,0.0,120.0,0.0,0.0,13.6,0.0,soy oil
0.1,0.1,0.026,0.085,11.5,natto,0.5,169.0,3.9,4.3,8.8,14.2,natto
0.061,0.07,0.012,0.2,1.5,chrysanthemum raw,0.044,12.0,0.0,1.5,0.3,1.7,chrysanthemum raw
0.2,0.092,0.065,0.03,25.5,gourd cooked,0.2,100.0,9.2,5.2,0.6,1.2,gourd cooked
0.019,0.085,0.042,0.033,0.6,cauliflower raw,0.01,3.0,0.2,0.3,0.081,0.2,cauliflower raw
96.9,0.088,0.079,76.5,12.5,red cabbage raw,1.4,53.0,6.5,3.6,0.3,2.4,red cabbage raw
0.064,0.06,0.04,0.074,1.1,broccoli raab raw,0.022,9.0,0.2,1.1,0.2,1.3,broccoli raab raw
3.5,0.094,0.012,31.6,2.4,napa cabbage cooked,0.8,13.0,0.0,0.0,0.2,1.2,napa cabbage cooked
0.2,0.006,0.019,8.4,0.5,kelp,0.1,2.0,0.069,0.018,0.067,0.07,kelp
0.016,0.04,0.044,0.007,4.2,shallots raw,0.004,18.0,2.0,0.8,0.061,0.6,shallots raw
0.4,0.3,0.067,0.0,9.4,bamboo shoots raw,0.3,49.0,5.4,4.0,0.5,4.7,bamboo shoots raw
28.7,0.076,0.043,183.6,6.3,jute cooked,2.7,32.0,0.9,1.7,0.2,3.2,jute cooked
0.026,0.041,0.057,0.021,0.6,red lettuce,0.093,4.0,0.1,0.3,0.08,0.4,red lettuce
0.6,0.2,0.1,0.4,20.1,broccoli cooked,0.2,98.0,3.9,9.2,1.1,6.7,broccoli cooked
56.4,0.091,0.025,21.1,3.9,romanesco raw,0.5,20.0,1.9,2.0,0.2,1.9,romanesco raw
10.1,0.1,0.028,41.2,26.9,eggplant raw,1.1,115.0,16.2,13.7,0.8,4.5,eggplant raw
0.2,0.056,0.003,0.011,12.6,leeks raw,0.1,54.0,3.5,1.6,0.3,1.3,leeks raw
0.1,0.011,0.024,3.1,1.2,lemongrass citronella,0.4,5.0,0.0,0.0,0.076,0.038,lemongrass citronella
0.1,0.004,0.006,0.098,12.0,pumpkin cooked,0.2,49.0,5.1,2.7,0.2,1.8,pumpkin cooked
2.3,0.021,0.093,15.8,1.5,celery cooked,0.2,7.0,0.9,0.6,0.098,0.3,celery cooked
0.099,0.09,0.067,0.021,0.4,serrano pepper,0.063,2.0,0.2,0.2,0.075,0.1,serrano pepper
8.0,0.059,0.076,141.0,2.9,nopales raw,0.5,14.0,1.0,1.9,0.063,1.1,nopales raw
1.0,0.016,0.2,21.1,4.7,sweet potato leaves cooked,0.4,22.0,3.5,1.2,0.2,1.4,sweet potato leaves cooked
1.3,0.086,0.2,5.9,8.1,eggplant cooked,0.2,33.0,3.2,2.5,0.2,0.8,eggplant cooked
0.022,0.065,0.0,0.099,0.6,asparagus cooked,0.031,3.0,0.2,0.3,0.074,0.4,asparagus cooked
45.1,0.069,0.049,43.2,16.4,rutabaga cooked,0.4,72.0,9.5,4.3,0.4,2.2,rutabaga cooked
0.2,0.2,0.068,0.055,30.6,parsnips raw,0.2,128.0,8.2,8.3,0.5,2.0,parsnips raw
1.6,0.013,1.9,0.0,3.5,sour pickles,0.6,17.0,1.6,1.9,0.3,0.5,sour pickles
39.5,0.2,0.4,197.3,6.3,turnip greens cooked,1.2,29.0,0.8,5.0,0.3,1.6,turnip greens cooked
6.0,0.052,0.011,21.0,26.2,jerusalem artichokes,5.1,110.0,14.4,2.4,0.047,3.0,jerusalem artichokes
0.003,0.007,0.014,0.2,2.0,collard raw,0.004,12.0,0.2,1.4,0.2,1.1,collard raw
0.1,0.086,0.042,0.1,4.3,chrysanthemum cooked,0.1,20.0,2.0,2.3,0.036,1.6,chrysanthemum cooked
0.0,0.3,0.3,729.6,73.5,oriental radish dried,7.8,314.0,43.3,27.7,0.8,9.2,oriental radish dried
15.4,0.093,0.019,9.2,7.7,tomatillos,0.8,42.0,5.2,2.5,1.3,1.3,tomatillos
18.1,0.04,0.056,10.3,2.0,taro shoots raw,0.5,9.0,0.0,0.0,0.069,0.8,taro shoots raw
47.4,0.06,0.017,142.2,44.9,acorn squash raw,3.0,172.0,0.0,6.5,0.4,3.4,acorn squash raw
3.8,0.089,0.077,11.5,2.4,leeks dried,0.2,10.0,0.0,0.3,0.026,0.5,leeks dried
0.3,0.2,0.006,0.2,16.2,cabbage raw,0.083,70.0,9.0,7.0,0.3,3.6,cabbage raw
124.8,0.055,0.2,6.6,4.5,sweet red peppers cooked,0.3,19.0,3.2,0.9,0.1,0.7,sweet red peppers cooked
190.3,0.089,0.092,10.4,9.0,sweet red peppers raw,0.6,46.0,6.3,3.1,0.4,1.5,sweet red peppers raw
0.082,0.049,0.098,0.052,2.9,cucumber peeled,0.018,16.0,1.8,0.9,0.2,0.8,cucumber peeled
9.0,0.059,0.066,28.0,1.5,purslane raw,0.9,9.0,0.0,0.0,0.2,0.9,purslane raw
12.4,0.078,0.5,25.2,15.5,peas onions cooked,1.7,81.0,6.8,4.0,0.4,4.6,peas onions cooked
0.096,0.054,0.029,0.054,4.9,tomato cooked,0.052,22.0,3.1,0.9,0.1,1.2,tomato cooked
26.5,0.014,0.3,19.6,4.5,taro shoots cooked,0.6,20.0,0.0,0.0,0.1,1.0,taro shoots cooked
87.1,0.08,0.059,137.4,5.6,scots kale raw,2.0,28.0,0.0,1.1,0.4,1.9,scots kale raw
0.1,0.097,0.1,0.045,13.5,artichoke raw,0.3,60.0,1.3,6.9,0.2,4.2,artichoke raw
19.6,0.1,0.063,15.6,13.6,navy bean sprouts raw,2.0,70.0,0.0,0.0,0.7,6.4,navy bean sprouts raw
1.1,0.077,0.7,97.6,33.8,sweet pickles,0.4,146.0,29.2,1.6,0.7,0.9,sweet pickles
22.2,0.059,0.4,25.0,5.0,oriental radish cooked,0.2,25.0,2.7,2.4,0.4,1.0,oriental radish cooked
3.9,0.0,0.073,27.3,3.1,sweet potato leaves raw,0.3,15.0,0.0,1.9,0.2,0.9,sweet potato leaves raw
0.2,0.02,0.084,3.6,0.6,irishmoss,0.4,2.0,0.098,0.082,0.049,0.037,irishmoss
13.0,0.091,0.1,63.4,4.7,drumstick leaves cooked,1.0,25.0,0.4,0.8,0.4,2.2,drumstick leaves cooked
14.3,0.08,0.027,32.5,10.0,winter squash raw,0.7,39.0,2.6,1.7,0.2,1.1,winter squash raw
10.4,0.036,0.062,24.4,7.5,pumpkin raw,0.9,30.0,3.2,0.6,0.1,1.2,pumpkin raw
0.062,0.033,0.017,0.079,1.4,chicory greens,0.081,7.0,0.2,1.2,0.096,0.5,chicory greens
0.4,0.2,0.1,0.9,6.8,spinach cooked,0.3,41.0,0.8,4.3,0.5,5.3,spinach cooked
0.0,0.001,1.2,42.0,7.8,radish pickled,0.3,42.0,3.0,3.3,0.5,1.7,radish pickled
0.4,0.1,0.063,0.033,25.0,sweet onion,0.2,106.0,16.6,3.0,0.3,2.6,sweet onion
6.2,0.031,0.028,63.5,20.7,salsify cooked,0.7,92.0,3.9,4.2,0.2,3.7,salsify cooked
11.0,0.077,0.067,19.4,1.4,radish seeds sprouted,0.3,16.0,0.0,0.0,1.0,1.4,radish seeds sprouted
0.2,0.054,0.1,0.057,11.8,turnips raw,0.2,51.0,7.0,3.3,0.2,1.6,turnips raw
3.5,0.088,0.008,48.4,20.5,burdock root raw,0.9,85.0,3.4,3.9,0.2,1.8,burdock root raw
0.4,0.1,0.047,0.049,11.8,red cabbage cooked,0.032,49.0,5.6,4.4,0.2,2.6,red cabbage cooked
0.2,0.043,0.042,0.0,1.6,jute raw,0.049,10.0,0.0,0.0,0.046,1.3,jute raw
0.2,0.048,0.041,0.2,0.3,hot chile pepper dried,0.062,2.0,0.2,0.1,0.054,0.054,hot chile pepper dried
0.4,0.1,0.093,0.0,24.7,salsify raw,0.1,109.0,0.0,4.4,0.3,4.4,salsify raw
24.5,0.076,0.047,26.7,4.9,crookneck squash raw,0.6,24.0,4.5,1.3,0.3,1.3,crookneck squash raw
0.0,0.098,0.0,0.0,7.6,indian squash cooked,0.0,38.0,4.7,3.5,0.4,0.7,indian squash cooked
0.7,0.3,0.091,0.022,65.4,poi,0.4,269.0,0.9,1.0,0.3,0.9,poi
38.5,0.005,0.3,22.9,5.3,sesbania flower cooked,0.6,22.0,0.0,0.0,0.007,1.2,sesbania flower cooked
22.1,0.031,0.5,90.2,29.9,acorn squash cooked,1.9,115.0,0.0,9.0,0.3,2.3,acorn squash cooked
0.2,0.008,0.094,0.068,5.1,cauliflower cooked,0.041,29.0,2.6,2.9,0.6,2.3,cauliflower cooked
20.9,0.014,0.4,39.6,6.8,crookneck squash cooked,0.7,34.0,4.5,2.0,0.7,1.9,crookneck squash cooked
1.0,0.089,0.075,1.8,0.1,laver seaweed,0.087,1.0,0.071,0.09,0.012,0.2,laver seaweed
0.0,0.089,0.4,11.6,29.0,mountain yam cooked,0.6,119.0,0.0,0.0,0.1,2.5,mountain yam cooked
9.2,0.026,0.066,12.9,1.1,pumpkin flowers raw,0.2,5.0,0.0,0.0,0.084,0.3,pumpkin flowers raw
39.2,0.026,0.004,64.4,2.6,mustard greens raw,0.9,15.0,0.7,1.8,0.2,1.6,mustard greens raw
0.1,0.06,0.082,1.2,2.4,arrowhead,0.3,12.0,0.0,0.0,0.084,0.6,arrowhead
1.1,0.094,0.4,72.0,8.5,japanese cabbage,0.7,45.0,2.0,4.7,0.2,2.4,japanese cabbage
14.1,0.092,0.3,14.9,4.5,mung bean sprouts cooked,0.8,24.0,3.5,1.0,0.1,2.5,mung bean sprouts cooked
19.4,0.037,0.4,27.0,5.9,scallop squash cooked,0.6,29.0,2.7,3.4,0.3,1.9,scallop squash cooked
0.7,0.027,0.2,30.5,2.4,pumpkin leaves cooked,2.3,15.0,0.5,1.9,0.2,1.9,pumpkin leaves cooked
25.1,0.053,0.028,3.2,1.8,hungarian pepper,0.1,8.0,1.0,0.3,0.1,0.2,hungarian pepper
22.3,0.043,0.07,43.3,23.6,sweet potato baked,0.8,103.0,7.4,3.8,0.2,2.3,sweet potato baked
20.5,0.05,0.049,58.5,2.5,chinese cabbage pe tsai raw,0.2,12.0,1.1,0.9,0.2,0.9,chinese cabbage pe tsai raw
4.7,0.024,0.054,44.7,27.5,taro raw,0.6,116.0,0.4,4.3,0.2,1.6,taro raw
26.3,0.061,0.047,15.6,11.5,yam bean jicama,0.8,49.0,2.3,6.4,0.1,0.9,yam bean jicama
0.03,0.0,0.001,7.4,0.5,olives,0.5,10.0,0.0,0.1,0.9,0.09,olives
35.4,0.007,0.4,165.2,6.3,mustard greens cooked,1.2,36.0,2.0,2.8,0.7,3.6,mustard greens cooked
6.7,0.049,0.082,49.6,4.4,pumpkin flowers cooked,1.2,20.0,3.2,1.2,0.1,1.5,pumpkin flowers cooked
42.6,0.031,0.3,11.4,15.3,tree fern cooked,0.2,57.0,0.0,5.3,0.096,0.4,tree fern cooked
0.0,0.057,0.06,11.6,123.3,yellow corn raw,4.5,606.0,1.1,12.1,7.9,15.6,yellow corn raw
3.3,0.065,0.08,26.0,1.7,endive,0.4,9.0,0.1,1.6,0.1,0.6,endive
2.4,0.2,0.7,120.0,7.3,wakame,1.7,36.0,0.5,0.4,0.5,2.4,wakame
120.0,0.029,0.003,161.3,8.6,tahitian taro raw,1.6,55.0,0.0,0.0,1.2,3.5,tahitian taro raw
0.2,0.088,0.049,0.092,6.0,broccoli raw,0.016,31.0,1.5,2.4,0.3,2.6,broccoli raw
119.8,0.011,0.023,14.9,6.9,sweet green peppers raw,0.5,30.0,3.6,2.5,0.3,1.3,sweet green peppers raw
44.2,0.012,0.5,158.1,3.0,chinese cabbage pak choi cooked,1.8,20.0,1.4,1.7,0.3,2.7,chinese cabbage pak choi cooked
0.066,0.027,0.049,0.075,0.3,agar,0.002,1.0,0.005,0.027,0.058,0.053,agar
0.085,0.028,0.038,0.069,0.4,watercress,0.063,4.0,0.099,0.2,0.006,0.8,watercress
35.9,0.009,0.3,164.2,7.9,beet greens cooked,2.7,39.0,0.9,4.2,0.3,3.7,beet greens cooked
3.7,0.009,0.068,45.1,18.1,winter squash cooked,0.9,76.0,6.8,5.7,0.7,1.8,winter squash cooked
16.8,0.063,0.017,32.5,1.4,new zealand spinach raw,0.4,8.0,0.2,0.8,0.1,0.8,new zealand spinach raw
2.7,0.067,0.098,9.8,0.9,okra,0.082,4.0,0.2,0.4,0.082,0.2,okra
7.0,0.015,0.031,12.2,31.9,yautia tannier,1.3,132.0,0.0,2.0,0.5,2.0,yautia tannier
117.0,0.1,0.5,284.4,5.0,mustard spinach cooked,1.4,29.0,0.0,3.6,0.4,3.1,mustard spinach cooked
0.041,0.071,0.007,0.081,74.9,rhubarb cooked,0.024,278.0,68.9,4.8,0.1,0.9,rhubarb cooked
0.026,0.096,0.1,0.079,13.0,beets raw,0.1,58.0,9.2,3.8,0.2,2.2,beets raw
141.0,0.083,0.077,30.0,8.5,drumstick pods raw,0.4,37.0,0.0,3.2,0.2,2.1,drumstick pods raw
3.8,0.035,0.041,2.3,0.3,baby zucchini,0.098,2.0,0.0,0.1,0.089,0.3,baby zucchini
0.098,0.047,0.065,0.08,3.7,onion raw,0.011,16.0,1.7,0.7,0.048,0.4,onion raw
88.6,0.085,0.3,39.0,7.7,romanesco cooked,0.9,39.0,0.0,4.0,0.4,3.7,romanesco cooked
0.3,0.2,0.067,0.075,23.4,butternut squash raw,0.1,90.0,4.4,4.0,0.2,2.0,butternut squash raw
12.1,0.029,0.071,60.2,1.1,amaranth leaves,0.6,6.0,0.0,0.0,0.075,0.7,amaranth leaves
33.0,0.1,0.012,104.5,3.9,turnip greens raw,0.6,18.0,0.4,1.8,0.2,0.8,turnip greens raw
2.1,0.022,0.081,23.2,7.0,spaghetti squash raw,0.3,31.0,2.8,1.5,0.6,0.6,spaghetti squash raw
5.8,0.01,0.9,59.8,9.2,seaweed dry,13.3,52.0,0.0,7.3,0.3,3.1,seaweed dry
0.3,0.1,0.017,0.083,37.4,yam cooked,0.2,158.0,0.7,5.3,0.2,2.0,yam cooked
0.0,0.048,0.029,7.1,18.8,corn dried,0.7,119.0,6.0,5.8,3.0,4.1,corn dried
4.2,0.08,0.061,24.0,5.4,cucumber,0.4,23.0,2.5,0.8,0.2,1.0,cucumber
2.3,0.4,0.052,7.2,16.1,arrowroot,2.7,78.0,0.0,1.6,0.2,5.1,arrowroot
0.2,0.064,0.3,0.0,7.2,cardoon raw,0.4,30.0,0.0,2.8,0.2,1.2,cardoon raw
0.1,0.067,0.04,0.0,2.3,bamboo shoots cooked,0.083,14.0,0.0,1.2,0.3,1.8,bamboo shoots cooked
0.6,0.1,0.051,0.009,8.7,summer squash raw,0.1,42.0,5.7,2.9,0.5,3.1,summer squash raw
0.3,0.1,0.079,0.048,26.2,sweet potato raw,0.2,112.0,5.4,3.9,0.002,2.0,sweet potato raw
42.6,0.027,0.055,23.7,9.3,green tomato,0.9,42.0,7.3,2.0,0.4,2.2,green tomato
11.4,0.064,0.013,44.5,1.6,beet greens raw,1.0,8.0,0.2,1.4,0.078,0.8,beet greens raw
0.3,0.076,0.05,0.0,9.2,savoy cabbage cooked,0.089,41.0,0.0,4.8,0.2,3.1,savoy cabbage cooked
1.5,0.016,0.022,10.1,2.1,witloof chicory,0.1,9.0,0.0,1.6,0.031,0.5,witloof chicory
0.1,0.001,0.017,0.063,7.9,turnips cooked,0.025,34.0,4.7,3.1,0.1,1.1,turnips cooked
0.8,0.022,0.069,2.2,1.1,dried tomatoes,0.2,5.0,0.8,0.2,0.053,0.3,dried tomatoes
5.2,0.039,0.033,12.4,2.9,radicchio,0.4,15.0,0.4,0.6,0.2,0.9,radicchio
0.1,0.1,0.089,0.083,23.8,mixed vegetables cooked,0.2,118.0,5.7,8.0,0.3,5.2,mixed vegetables cooked
0.1,0.056,0.088,0.0,6.3,yellow tomato,0.2,32.0,0.0,1.5,0.6,2.1,yellow tomato
2.0,0.081,0.2,86.4,6.4,cardoon cooked,0.9,26.0,0.0,2.0,0.1,0.9,cardoon cooked
8.4,0.064,0.036,29.7,1.1,spinach raw,0.8,7.0,0.1,0.7,0.1,0.9,spinach raw
19.6,0.048,0.045,53.3,0.9,kale raw,0.3,7.0,0.2,0.9,0.3,0.6,kale raw
114.5,0.039,0.3,23.6,9.7,drumstick pods cooked,0.5,42.0,0.0,5.0,0.2,2.5,drumstick pods cooked
0.4,0.1,0.063,0.069,16.4,kohlrabi raw,0.3,72.0,6.9,9.5,0.3,4.5,kohlrabi raw
12.7,0.046,0.044,19.3,17.0,lentil sprouts,2.5,82.0,0.0,0.0,0.4,6.9,lentil sprouts
0.084,0.064,0.024,0.028,5.8,carrots raw,0.022,25.0,2.9,1.7,0.1,0.6,carrots raw
64.7,0.085,0.03,6.3,4.0,red chili peppers,0.5,18.0,2.4,0.7,0.2,0.8,red chili peppers
0.1,0.049,0.1,0.1,17.1,fennel,0.2,73.0,0.0,7.3,0.5,2.9,fennel
0.074,0.1,0.016,0.084,13.9,sweet corn white,0.049,63.0,2.4,2.0,0.9,2.4,sweet corn white
0.3,0.044,0.2,0.081,14.4,celeriac raw,0.1,66.0,2.5,2.8,0.5,2.3,celeriac raw
0.2,0.066,0.094,0.086,10.1,hubbard squash raw,0.033,46.0,4.6,4.5,0.6,2.3,hubbard squash raw
13.0,0.0,0.051,7.6,1.5,brussels sprouts cooked,0.3,8.0,0.4,0.5,0.1,0.5,brussels sprouts cooked
1.7,0.063,0.025,13.8,3.8,carrots cooked,0.2,16.0,1.6,1.4,0.092,0.3,carrots cooked
0.0,0.083,0.033,3.3,0.069,lambs quarters raw,0.06,0.0,0.0,0.046,0.067,0.08,lambs quarters raw
2.4,0.015,0.0,2.3,1.4,lotus root cooked,0.059,6.0,0.0,0.3,0.056,0.1,lotus root cooked
3.5,0.5,0.075,108.4,118.9,split peas raw,8.7,672.0,15.8,50.2,2.3,48.4,split peas raw
68.6,0.042,0.4,171.6,7.3,scots kale cooked,2.5,36.0,0.0,0.0,0.5,2.5,scots kale cooked
0.1,0.006,0.039,0.055,21.6,corn cooked,0.025,99.0,4.7,2.5,1.5,3.5,corn cooked
0.096,0.066,0.033,0.002,0.2,radish raw,0.052,1.0,0.066,0.002,0.026,0.042,radish raw
0.0,0.099,0.09,428.1,6.7,stinging nettles,1.5,37.0,0.2,6.1,0.007,2.4,stinging nettles
0.4,0.035,0.097,4.8,1.2,baby carrots,0.1,5.0,0.7,0.4,0.053,0.031,baby carrots
341.3,0.064,0.017,20.5,11.8,sweet yellow peppers,0.9,50.0,0.0,1.7,0.4,1.9,sweet yellow peppers
14.6,0.041,0.083,30.0,1.9,taro leaves raw,0.6,12.0,0.8,1.0,0.2,1.4,taro leaves raw
0.1,0.2,0.083,0.054,26.7,corn raw,0.076,123.0,9.0,2.9,1.9,4.7,corn raw
6.8,0.0,0.079,122.6,6.4,roselle,0.8,28.0,0.0,0.0,0.4,0.5,roselle
10.9,0.031,0.071,38.9,1.7,drumstick leaves raw,0.8,13.0,0.0,0.4,0.3,2.0,drumstick leaves raw
23.4,0.08,0.075,24.7,5.0,scallop squash raw,0.5,23.0,3.1,1.6,0.3,1.6,scallop squash raw
0.2,0.08,0.055,0.0,15.8,chicory roots,0.051,65.0,7.9,1.4,0.2,1.3,chicory roots
16.2,0.018,0.049,8.0,1.7,brussels sprouts raw,0.3,8.0,0.4,0.7,0.077,0.6,brussels sprouts raw
0.069,0.028,0.018,0.5,6.3,kale cooked,0.2,42.0,1.4,4.7,1.4,3.5,kale cooked
0.0,0.0,0.4,64.3,39.7,pupusas con frijoles,1.8,289.0,1.6,7.3,11.4,7.0,pupusas con frijoles
0.4,0.031,0.9,0.1,7.2,mustard cabbage,0.077,36.0,1.8,4.0,0.1,1.4,mustard cabbage
0.022,0.035,0.03,0.047,4.1,gourd raw,0.016,19.0,1.9,1.0,0.2,1.1,gourd raw
30.2,0.022,0.002,82.0,21.0,butternut squash cooked,1.2,80.0,3.9,6.4,0.2,1.8,butternut squash cooked
4.3,0.067,0.4,81.3,35.1,burdock root cooked,1.3,146.0,5.9,3.0,0.2,3.5,burdock root cooked
0.2,0.2,0.099,0.011,78.4,cassava,0.2,330.0,3.5,3.7,0.6,2.8,cassava
13.0,0.016,0.5,36.8,16.2,peas carrots cooked,1.5,77.0,7.0,5.0,0.7,4.9,peas carrots cooked
1.9,0.051,0.083,15.5,1.5,romaine lettuce,0.5,8.0,0.6,1.0,0.1,0.6,romaine lettuce
0.4,0.2,0.017,0.025,41.8,yam raw,0.3,177.0,0.8,6.2,0.3,2.3,yam raw
14.7,0.067,1.3,56.4,65.3,chowchow pickles,3.4,296.0,58.5,3.7,2.2,3.7,chowchow pickles
0.7,0.051,0.059,16.5,4.5,prairie turnips raw,0.2,20.0,0.1,1.0,0.029,0.3,prairie turnips raw
0.1,0.003,0.007,0.066,4.3,savoy cabbage raw,0.071,19.0,1.6,2.2,0.017,1.4,savoy cabbage raw
0.007,0.041,0.019,0.086,1.2,celery raw,0.056,6.0,0.5,0.6,0.045,0.3,celery raw
5.6,0.091,0.084,40.3,9.1,celeriac cooked,0.7,42.0,0.0,0.0,0.3,1.5,celeriac cooked
195.0,0.2,0.025,315.0,5.9,mustard spinach raw,2.3,33.0,0.0,4.2,0.5,3.3,mustard spinach raw
0.4,0.1,0.023,0.033,8.1,zucchini raw,0.1,44.0,6.5,2.6,0.8,3.1,zucchini raw
26.1,0.097,0.4,123.2,7.2,okra cooked,0.4,35.0,3.8,4.0,0.3,3.0,okra cooked
29.0,0.097,0.049,27.0,2.6,white icicle radish,0.8,14.0,0.0,1.4,0.1,1.1,white icicle radish
0.071,0.067,0.001,0.0,3.5,orange tomato,0.079,18.0,0.0,1.0,0.2,1.3,orange tomato
4.3,0.042,0.057,15.2,0.9,pumpkin leaves raw,0.9,7.0,0.0,0.0,0.2,1.2,pumpkin leaves raw
5.4,0.099,0.4,32.6,10.0,spaghetti squash cooked,0.5,42.0,3.9,2.2,0.4,1.0,spaghetti squash cooked
0.1,0.099,0.082,0.017,22.4,white corn cooked,0.052,100.0,8.0,2.8,1.5,3.4,white corn cooked
0.028,0.017,0.087,0.035,14.3,artichoke cooked,0.2,64.0,1.2,10.3,0.4,3.5,artichoke cooked
0.7,0.2,0.045,0.078,23.0,avocado,0.5,432.0,1.8,18.1,39.6,5.4,avocado
0.0,0.0,0.0,0.0,1.7,string beans wellsley farms,0.0,8.0,0.3,0.087,0.0,0.3,string beans wellsley farms
66.6,0.077,0.5,464.4,9.0,lambs quarters cooked,1.3,58.0,1.1,3.8,1.3,5.8,lambs quarters cooked
0.3,0.4,0.074,0.011,25.0,peas cooked,0.3,134.0,9.5,8.8,0.4,8.6,peas cooked
0.026,0.033,0.035,0.099,5.0,beets cooked,0.021,22.0,4.0,1.0,0.085,0.8,beets cooked
0.096,0.044,0.059,0.043,0.7,shallots dried,0.082,3.0,0.3,0.1,0.013,0.1,shallots dried
0.1,0.1,0.05,0.2,4.3,green lettuce,0.012,23.0,1.2,2.0,0.2,2.0,green lettuce
0.3,0.013,0.035,0.008,11.0,kohlrabi cooked,0.2,48.0,4.6,1.8,0.2,3.0,kohlrabi cooked
0.3,0.0,0.056,0.0,35.1,kanpyo dried,0.2,139.0,0.0,5.3,0.3,4.6,kanpyo dried
0.3,0.0,0.012,14.4,4.2,prairie turnips boiled,0.1,18.0,0.7,1.0,0.086,0.2,prairie turnips boiled
0.2,0.1,0.077,0.2,2.7,broccoli raab cooked,0.06,21.0,0.5,2.4,0.4,3.3,broccoli raab cooked
0.2,0.1,0.036,0.028,9.9,summer squash cooked,0.3,49.0,6.4,2.9,1.0,2.7,summer squash cooked
0.4,0.1,0.055,0.073,45.7,taro cooked,0.3,187.0,0.6,6.7,0.1,0.7,taro cooked
0.055,0.025,0.048,0.006,1.5,spring onion scallions,0.057,6.0,0.5,0.5,0.077,0.4,spring onion scallions
0.2,0.084,0.5,0.029,12.3,hubbard squash cooked,0.095,57.0,5.6,5.5,0.7,2.8,hubbard squash cooked
0.079,0.066,0.028,0.011,0.9,jalapeno pepper,0.045,4.0,0.6,0.4,0.002,0.1,jalapeno pepper
28.8,0.038,0.6,86.4,3.8,new zealand spinach cooked,1.2,22.0,0.5,2.5,0.3,2.3,new zealand spinach cooked
2.2,0.07,0.007,0.6,0.2,sesbania flower raw,0.091,1.0,0.0,0.0,0.095,0.012,sesbania flower raw
0.7,0.014,0.031,8.4,1.7,spirulina dried,2.0,20.0,0.2,0.3,0.5,4.0,spirulina dried
18.8,0.044,0.3,38.1,2.9,chinese cabbage pe tsai cooked,0.4,17.0,0.0,2.0,0.2,1.8,chinese cabbage pe tsai cooked
23.2,0.097,0.077,32.4,4.8,zucchini cooked,0.7,27.0,3.1,1.8,0.6,2.1,zucchini cooked
0.012,0.068,0.1,0.072,0.1,green olives pickled,0.071,4.0,0.051,0.057,0.4,0.073,green olives pickled
50.6,0.007,0.06,51.8,19.8,lotus root raw,1.3,85.0,0.0,5.6,0.1,3.0,lotus root raw
1.6,0.061,0.005,50.8,2.4,grape leaves,0.4,13.0,0.9,1.5,0.3,0.8,grape leaves
1.1,0.029,1.3,60.1,3.7,dill pickled cucumber,0.5,17.0,1.9,1.6,0.2,0.9,dill pickled cucumber
30.8,0.064,0.016,43.1,1.8,skunk cabbage,0.9,11.0,0.0,1.2,0.1,1.5,skunk cabbage
27.3,0.082,0.039,4.6,1.8,banana pepper,0.2,9.0,0.6,1.1,0.1,0.5,banana pepper
74.4,0.073,0.014,91.3,13.9,oriental radish raw,1.4,61.0,8.5,5.4,0.3,2.0,oriental radish raw
12.1,0.053,0.3,89.7,4.1,purslane cooked,0.9,21.0,0.0,0.0,0.2,1.7,purslane cooked
0.042,0.079,0.058,0.058,2.3,rhubarb raw,0.018,11.0,0.6,0.9,0.1,0.5,rhubarb raw
15.7,0.063,0.4,52.9,3.6,swamp cabbage,1.3,20.0,0.0,1.9,0.2,2.0,swamp cabbage
0.033,0.09,0.08,0.069,1.2,mung bean sprouts raw,0.072,6.0,0.8,0.4,0.044,0.6,mung bean sprouts raw
0.078,0.048,0.04,0.084,1.5,onion cooked,0.067,7.0,0.7,0.2,0.034,0.2,onion cooked
10.8,0.007,0.089,18.4,1.3,swiss chard raw,0.6,7.0,0.4,0.6,0.042,0.6,swiss chard raw
58.0,0.021,0.017,36.3,21.0,peas raw,2.1,117.0,8.2,7.4,0.6,7.9,peas raw
0.2,0.063,0.011,0.2,8.3,cabbage cooked,0.067,35.0,4.2,2.9,0.019,1.9,cabbage cooked
51.5,0.074,0.3,124.7,5.6,taro leaves cooked,1.7,35.0,0.0,2.9,0.6,3.9,taro leaves cooked
5.2,0.066,0.067,37.2,9.4,leeks cooked,1.4,38.0,2.6,1.2,0.2,1.0,leeks cooked
0.8,0.1,0.5,27.4,40.2,split peas cooked,2.5,227.0,5.7,16.3,0.8,16.3,split peas cooked
0.068,0.079,0.05,0.0,14.2,sweet corn yellow,0.075,58.0,2.6,1.5,0.4,4.1,sweet corn yellow
0.067,0.073,0.047,0.088,0.5,asparagus raw,0.039,2.0,0.2,0.3,0.037,0.3,asparagus raw
34.6,0.046,0.013,267.9,10.7,collard cooked,2.1,63.0,0.0,7.6,1.4,5.1,collard cooked
31.5,0.076,0.7,101.5,7.2,swiss chard cooked,4.0,35.0,1.9,3.7,0.1,3.3,swiss chard cooked
7.9,0.042,0.087,244.4,4.9,nopales cooked,0.7,22.0,1.7,3.0,0.003,2.0,nopales cooked
52.1,0.094,0.4,204.1,9.4,tahitian taro cooked,2.1,60.0,0.0,0.0,0.9,5.7,tahitian taro cooked
31.5,0.088,0.087,73.5,1.5,chinese cabbage pak choi raw,0.6,9.0,0.8,0.7,0.1,1.1,chinese cabbage pak choi raw
0.1,0.051,0.023,0.017,4.3,green chili pepper,0.059,18.0,2.3,0.7,0.097,0.9,green chili pepper
3.5,0.057,0.021,35.4,22.2,mountain yam raw,0.6,91.0,0.4,3.4,0.1,1.8,mountain yam raw
0.1,0.1,0.021,0.065,27.2,parsnips cooked,0.2,114.0,7.7,6.4,0.5,2.1,parsnips cooked
0.1,0.1,0.6,0.0,16.1,tomato stewed,0.1,97.0,0.0,2.1,3.3,2.4,tomato stewed
54.3,0.092,0.2,6.6,4.5,sweet green peppers cooked,0.3,19.0,2.3,0.9,0.1,0.7,sweet green peppers cooked
0.08,0.3,0.088,0.081,31.6,white corn raw,0.5,143.0,5.3,4.5,2.0,5.3,white corn raw
193.0,0.2,0.061,332.0,66.5,rutabaga raw,3.4,286.0,34.4,17.8,1.2,8.3,rutabaga raw
13.6,0.092,2.3,31.3,6.4,jalapeno peppers canned,2.6,37.0,2.9,3.5,1.3,1.3,jalapeno peppers canned
10.3,0.015,0.6,63.7,19.8,pumpkin canned,3.4,83.0,8.1,7.1,0.7,2.7,pumpkin canned
3.6,0.089,0.5,20.4,10.3,peas onions canned,1.0,61.0,0.0,2.8,0.5,3.9,peas onions canned
13.3,0.05,0.2,76.5,59.1,sweet mashed potato canned,3.4,258.0,13.9,4.3,0.5,5.0,sweet mashed potato canned
0.0,0.084,0.6,16.5,23.5,hominy canned,1.0,119.0,3.0,4.1,1.5,2.4,hominy canned
0.3,0.056,0.002,0.038,22.5,tomato puree canned,0.7,95.0,12.1,4.8,0.5,4.1,tomato puree canned
3.1,0.026,0.056,1.4,0.7,dried tomatoes canned in oil,0.057,6.0,0.0,0.2,0.4,0.2,dried tomatoes canned in oil
0.2,0.03,0.5,0.0,17.5,mixed vegetables canned,0.3,88.0,0.0,9.3,0.6,3.5,mixed vegetables canned
0.099,0.012,0.049,0.0,0.3,straw mushrooms canned,0.06,2.0,0.0,0.1,0.09,0.2,straw mushrooms canned
0.4,0.018,0.2,3.4,0.4,capers canned,0.1,2.0,0.011,0.3,0.089,0.2,capers canned
49.6,0.017,0.9,5.1,3.7,red peppers canned,0.4,15.0,2.4,0.9,0.058,0.7,red peppers canned
0.5,0.061,0.2,0.028,24.4,carrots canned,0.5,104.0,11.2,8.2,0.6,2.6,carrots canned
22.3,0.083,0.3,74.4,9.6,tomatoes in tomato juice canned,2.3,41.0,5.7,2.4,0.3,1.9,tomatoes in tomato juice canned
67.8,0.3,0.1,61.7,10.2,asparagus canned,2.5,62.0,4.1,4.1,0.7,7.4,asparagus canned
65.1,0.097,1.9,57.4,5.5,sweet red peppers canned,1.1,25.0,0.0,1.7,0.4,1.1,sweet red peppers canned
2.7,0.022,0.2,28.4,2.5,onions canned,0.011,12.0,1.4,0.8,0.084,0.5,onions canned
22.3,0.1,0.082,169.9,4.0,turnip greens canned,2.2,27.0,0.6,1.9,0.4,2.0,turnip greens canned
2.6,0.018,0.1,19.1,1.5,hearts of palm,1.0,9.0,0.0,0.8,0.2,0.8,hearts of palm
31.6,0.1,0.7,194.2,6.8,spinach canned,3.7,44.0,0.0,3.7,0.9,4.9,spinach canned
67.0,0.074,0.3,95.7,133.5,sweet potato canned,5.1,568.0,98.3,16.0,1.3,6.3,sweet potato canned
0.011,0.065,0.2,0.0,11.1,corn canned,0.02,49.0,3.3,1.4,0.6,1.6,corn canned
0.2,0.2,0.7,0.059,21.6,peas carrots canned,0.3,97.0,7.2,8.4,0.7,5.5,peas carrots canned
5.7,0.013,0.006,25.2,6.2,crookneck squash canned,1.5,27.0,2.5,2.9,0.1,1.3,crookneck squash canned
22.3,0.083,0.3,82.3,17.6,tomatoes canned,3.1,77.0,10.6,4.6,0.7,4.0,tomatoes canned
163.0,0.016,0.006,11.5,9.8,pimento canned,3.2,44.0,5.2,3.6,0.6,2.1,pimento canned
65.1,0.026,1.9,57.4,5.5,sweet green peppers canned,1.1,25.0,0.0,1.7,0.4,1.1,sweet green peppers canned
0.0,0.088,0.2,0.0,9.5,peas canned,0.091,57.0,0.0,0.0,0.8,3.5,peas canned
47.5,0.039,0.6,50.0,6.4,chili peppers canned,1.8,29.0,0.0,2.4,0.4,1.0,chili peppers canned
49.6,0.037,0.9,5.1,3.7,green peppers canned,0.4,15.0,2.3,0.9,0.074,0.7,green peppers canned
3.2,0.054,0.8,81.8,3.3,grape leaves canned,0.8,20.0,0.0,2.8,0.6,1.2,grape leaves canned
0.2,0.047,0.9,0.096,6.1,sauerkraut canned,0.1,27.0,2.5,4.1,0.2,1.3,sauerkraut canned
6.9,0.093,0.02,32.0,16.2,beets canned,1.5,69.0,13.2,3.0,0.2,2.0,beets canned
0.091,0.1,0.6,0.039,15.8,stewed tomatoes canned,0.3,66.0,9.0,2.6,0.5,2.3,stewed tomatoes canned
57.4,0.018,2.1,94.3,49.5,tomato paste canned,7.8,215.0,31.9,10.7,1.2,11.3,tomato paste canned
